entity,period,metric,value_brl,reported_value_text,precision,budget_stage,source_url,source_location,observed_at,notes
Município de Salvador,2026,orcamento_total_previsto,14960000000,"R$ 14,96 bilhões",rounded,planned,https://www.cms.ba.gov.br/noticias/26-11-2025-audiencia-publica-detalha-propostas-da-loa-2026,Notícia oficial: PLOA 2026,2026-08-17,Valor arredondado reportado pela Câmara; não inventar precisão adicional.
Câmara Municipal de Salvador,2025-11,dotacao_atualizada_total,319884000.00,"R$ 319.884.000,00",exact,appropriation,https://www.cms.ba.gov.br/transparencia/uploads/prestacao-contas/0159da3047870d346f6999757220e95e_1767886104.pdf,"p. 8/9, Total da Unidade/Órgão e resumo",2026-08-17,Competência 11/2025; demonstrativo emitido em 06/01/2026.
Câmara Municipal de Salvador,2025-11,despesa_empenhada_acumulada_total,288691610.37,"R$ 288.691.610,37",exact,committed,https://www.cms.ba.gov.br/transparencia/uploads/prestacao-contas/0159da3047870d346f6999757220e95e_1767886104.pdf,"p. 8/9, Total da Unidade/Órgão",2026-08-17,Acumulado até 11/2025.
Câmara Municipal de Salvador,2025-11,despesa_liquidada_acumulada_total,242513804.32,"R$ 242.513.804,32",exact,liquidated,https://www.cms.ba.gov.br/transparencia/uploads/prestacao-contas/0159da3047870d346f6999757220e95e_1767886104.pdf,"p. 8/9, Total da Unidade/Órgão",2026-08-17,Acumulado até 11/2025.
Câmara Municipal de Salvador,2025-11,despesa_paga_acumulada_total,242308231.31,"R$ 242.308.231,31",exact,paid,https://www.cms.ba.gov.br/transparencia/uploads/prestacao-contas/0159da3047870d346f6999757220e95e_1767886104.pdf,"p. 8/9, Total da Unidade/Órgão",2026-08-17,Acumulado até 11/2025.
Câmara Municipal de Salvador,2025-11,diarias_no_pais_servicos_tecnicos_administrativos,55800.00,"R$ 55.800,00",exact,paid,https://www.cms.ba.gov.br/transparencia/uploads/prestacao-contas/0159da3047870d346f6999757220e95e_1767886104.pdf,"p. 5/9, ação 2.2501, subelemento 3.3.90.14.14 DIÁRIAS NO PAÍS",2026-08-17,Gasto agregado da CMS; não atribuir a vereador específico sem documento nominal.
Município de Salvador,2026-01/2026-04,receita_arrecadada_reportada,4359000000,"R$ 4,359 bilhões",rounded,realized_revenue,https://www.cms.ba.gov.br/noticias/27-05-2026-salvador-fecha-quadrimestre-com-saldo-positivo,Audiência pública do RGF do 1º quadrimestre de 2026,2026-08-17,Valor reportado pela Câmara a partir dos dados apresentados pela SEFAZ; arredondado na publicação.
Município de Salvador,2026-01/2026-04,despesa_executada_reportada,3826000000,"R$ 3,826 bilhões",rounded,reported_executed,https://www.cms.ba.gov.br/noticias/27-05-2026-salvador-fecha-quadrimestre-com-saldo-positivo,Audiência pública do RGF do 1º quadrimestre de 2026,2026-08-17,"A notícia usa “despesa executada”; não reinterpretar automaticamente como pago, liquidado ou empenhado sem o demonstrativo contábil."
Município de Salvador,2026-01/2026-04,superavit_orcamentario_reportado,533000000,R$ 533 milhões,rounded,reported_result,https://www.cms.ba.gov.br/noticias/27-05-2026-salvador-fecha-quadrimestre-com-saldo-positivo,Audiência pública do RGF do 1º quadrimestre de 2026,2026-08-17,Resultado reportado na publicação oficial; valor arredondado.
